site,Fish per km
1,5.6674582
1,5.82617522
1,7.43540116
1,7.26144311
1,6.7753818
2,5.19349738
2,4.50231294
2,6.11377101
2,7.49839835
2,5.04192549
3,5.80234121
3,4.90222518
3,6.37229229
3,5.94287258
3,5.82834421
4,14.8003259
4,12.0461212
4,14.1479411
4,13.199532
4,12.5826128
5,12.620749
5,11.6954096
5,14.1977147
5,12.4351589
5,11.8778589
6,13.454793
6,13.2529678
6,12.6563183
6,13.969467
6,13.7551103
